{
    "properties": [
        {
            "type": "property:mod",
            "mod": "create"
        },
        {
            "type": "property:mod",
            "mod": "kubejs_create"
        }
    ],
    "classes": [
        {
            "type": "document:class",
            "className": "com.prunoideae.probejs.DocumentedRecipes",
            "fields": [
                {
                    "type": "document:field",
                    "name": "create",
                    "final": true,
                    "fieldType": {
                        "type": "type:class",
                        "name": "com.prunoideae.probejs.CreateRecipes"
                    }
                }
            ]
        },
        {
            "type": "document:class",
            "className": "com.prunoideae.probejs.create.IngredientOrFluid",
            "properties": [
                {
                    "type": "property:assign",
                    "assign": {
                        "type": "type:class",
                        "name": "net.minecraft.world.item.crafting.Ingredient"
                    },
                    "shield": true
                },
                {
                    "type": "property:assign",
                    "assign": {
                        "type": "type:class",
                        "name": "dev.latvian.mods.kubejs.fluid.FluidStackJS"
                    }
                },
                {
                    "type": "property:assign",
                    "assign": {
                        "type": "type:object",
                        "members": [
                            {
                                "key": "fluidTag",
                                "value": {
                                    "type": "type:primitive",
                                    "name": "Special.FluidTag"
                                }
                            },
                            {
                                "key": "amount",
                                "value": {
                                    "type": "type:primitive",
                                    "name": "number"
                                }
                            }
                        ]
                    }
                }
            ]
        },
        {
            "type": "document:class",
            "className": "com.prunoideae.probejs.create.ItemStackOrFluid",
            "properties": [
                {
                    "type": "property:assign",
                    "assign": {
                        "type": "type:class",
                        "name": "net.minecraft.world.item.ItemStack"
                    },
                    "shield": true
                },
                {
                    "type": "property:assign",
                    "assign": {
                        "type": "type:class",
                        "name": "dev.latvian.mods.kubejs.fluid.FluidStackJS"
                    }
                },
                {
                    "type": "property:assign",
                    "assign": {
                        "type": "type:object",
                        "members": [
                            {
                                "key": "fluidTag",
                                "value": {
                                    "type": "type:primitive",
                                    "name": "Special.FluidTag"
                                }
                            },
                            {
                                "key": "amount",
                                "value": {
                                    "type": "type:primitive",
                                    "name": "number"
                                }
                            }
                        ]
                    }
                }
            ]
        },
        {
            "type": "document:class",
            "methods": [
                {
                    "type": "document:method",
                    "name": "crushing",
                    "returns": {
                        "type": "type:class",
                        "name": "dev.latvian.mods.kubejs.create.ProcessingRecipeJS"
                    },
                    "params": [
                        {
                            "type": "property:param",
                            "name": "outputs",
                            "paramType": {
                                "type": "type:parameterized",
                                "base": {
                                    "type": "type:class",
                                    "name": "com.prunoideae.probejs.types.ArrayOrSelf"
                                },
                                "params": [
                                    {
                                        "type": "type:class",
                                        "name": "net.minecraft.world.item.ItemStack"
                                    }
                                ]
                            }
                        },
                        {
                            "type": "property:param",
                            "name": "input",
                            "paramType": {
                                "type": "type:class",
                                "name": "net.minecraft.world.item.crafting.Ingredient"
                            }
                        }
                    ]
                },
                {
                    "type": "document:method",
                    "name": "milling",
                    "returns": {
                        "type": "type:class",
                        "name": "dev.latvian.mods.kubejs.create.ProcessingRecipeJS"
                    },
                    "params": [
                        {
                            "type": "property:param",
                            "name": "outputs",
                            "paramType": {
                                "type": "type:parameterized",
                                "base": {
                                    "type": "type:class",
                                    "name": "com.prunoideae.probejs.types.ArrayOrSelf"
                                },
                                "params": [
                                    {
                                        "type": "type:class",
                                        "name": "net.minecraft.world.item.ItemStack"
                                    }
                                ]
                            }
                        },
                        {
                            "type": "property:param",
                            "name": "input",
                            "paramType": {
                                "type": "type:class",
                                "name": "net.minecraft.world.item.crafting.Ingredient"
                            }
                        }
                    ]
                },
                {
                    "type": "document:method",
                    "name": "cutting",
                    "returns": {
                        "type": "type:class",
                        "name": "dev.latvian.mods.kubejs.create.ProcessingRecipeJS"
                    },
                    "params": [
                        {
                            "type": "property:param",
                            "name": "outputs",
                            "paramType": {
                                "type": "type:parameterized",
                                "base": {
                                    "type": "type:class",
                                    "name": "com.prunoideae.probejs.types.ArrayOrSelf"
                                },
                                "params": [
                                    {
                                        "type": "type:class",
                                        "name": "net.minecraft.world.item.ItemStack"
                                    }
                                ]
                            }
                        },
                        {
                            "type": "property:param",
                            "name": "input",
                            "paramType": {
                                "type": "type:class",
                                "name": "net.minecraft.world.item.crafting.Ingredient"
                            }
                        }
                    ]
                },
                {
                    "type": "document:method",
                    "name": "splashing",
                    "returns": {
                        "type": "type:class",
                        "name": "dev.latvian.mods.kubejs.create.ProcessingRecipeJS"
                    },
                    "params": [
                        {
                            "type": "property:param",
                            "name": "outputs",
                            "paramType": {
                                "type": "type:parameterized",
                                "base": {
                                    "type": "type:class",
                                    "name": "com.prunoideae.probejs.types.ArrayOrSelf"
                                },
                                "params": [
                                    {
                                        "type": "type:class",
                                        "name": "net.minecraft.world.item.ItemStack"
                                    }
                                ]
                            }
                        },
                        {
                            "type": "property:param",
                            "name": "input",
                            "paramType": {
                                "type": "type:class",
                                "name": "net.minecraft.world.item.crafting.Ingredient"
                            }
                        }
                    ]
                },
                {
                    "type": "document:method",
                    "name": "haunting",
                    "returns": {
                        "type": "type:class",
                        "name": "dev.latvian.mods.kubejs.create.ProcessingRecipeJS"
                    },
                    "params": [
                        {
                            "type": "property:param",
                            "name": "outputs",
                            "paramType": {
                                "type": "type:parameterized",
                                "base": {
                                    "type": "type:class",
                                    "name": "com.prunoideae.probejs.types.ArrayOrSelf"
                                },
                                "params": [
                                    {
                                        "type": "type:class",
                                        "name": "net.minecraft.world.item.ItemStack"
                                    }
                                ]
                            }
                        },
                        {
                            "type": "property:param",
                            "name": "input",
                            "paramType": {
                                "type": "type:class",
                                "name": "net.minecraft.world.item.crafting.Ingredient"
                            }
                        }
                    ]
                },
                {
                    "type": "document:method",
                    "name": "compacting",
                    "returns": {
                        "type": "type:class",
                        "name": "dev.latvian.mods.kubejs.create.ProcessingRecipeJS"
                    },
                    "params": [
                        {
                            "type": "property:param",
                            "name": "outputs",
                            "paramType": {
                                "type": "type:parameterized",
                                "base": {
                                    "type": "type:class",
                                    "name": "com.prunoideae.probejs.types.ArrayOrSelf"
                                },
                                "params": [
                                    {
                                        "type": "type:class",
                                        "name": "com.prunoideae.probejs.create.ItemStackOrFluid"
                                    }
                                ]
                            }
                        },
                        {
                            "type": "property:param",
                            "name": "inputs",
                            "paramType": {
                                "type": "type:parameterized",
                                "base": {
                                    "type": "type:class",
                                    "name": "com.prunoideae.probejs.types.ArrayOrSelf"
                                },
                                "params": [
                                    {
                                        "type": "type:class",
                                        "name": "com.prunoideae.probejs.create.IngredientOrFluid"
                                    }
                                ]
                            }
                        }
                    ]
                },
                {
                    "type": "document:method",
                    "name": "mixing",
                    "returns": {
                        "type": "type:class",
                        "name": "dev.latvian.mods.kubejs.create.ProcessingRecipeJS"
                    },
                    "params": [
                        {
                            "type": "property:param",
                            "name": "outputs",
                            "paramType": {
                                "type": "type:parameterized",
                                "base": {
                                    "type": "type:class",
                                    "name": "com.prunoideae.probejs.types.ArrayOrSelf"
                                },
                                "params": [
                                    {
                                        "type": "type:class",
                                        "name": "com.prunoideae.probejs.create.ItemStackOrFluid"
                                    }
                                ]
                            }
                        },
                        {
                            "type": "property:param",
                            "name": "inputs",
                            "paramType": {
                                "type": "type:parameterized",
                                "base": {
                                    "type": "type:class",
                                    "name": "com.prunoideae.probejs.types.ArrayOrSelf"
                                },
                                "params": [
                                    {
                                        "type": "type:class",
                                        "name": "com.prunoideae.probejs.create.IngredientOrFluid"
                                    }
                                ]
                            }
                        }
                    ]
                },
                {
                    "type": "document:method",
                    "name": "pressing",
                    "returns": {
                        "type": "type:class",
                        "name": "dev.latvian.mods.kubejs.create.ProcessingRecipeJS"
                    },
                    "params": [
                        {
                            "type": "property:param",
                            "name": "outputs",
                            "paramType": {
                                "type": "type:parameterized",
                                "base": {
                                    "type": "type:class",
                                    "name": "com.prunoideae.probejs.types.ArrayOrSelf"
                                },
                                "params": [
                                    {
                                        "type": "type:class",
                                        "name": "net.minecraft.world.item.ItemStack"
                                    }
                                ]
                            }
                        },
                        {
                            "type": "property:param",
                            "name": "input",
                            "paramType": {
                                "type": "type:class",
                                "name": "net.minecraft.world.item.crafting.Ingredient"
                            }
                        }
                    ]
                },
                {
                    "type": "document:method",
                    "name": "deploying",
                    "returns": {
                        "type": "type:class",
                        "name": "dev.latvian.mods.kubejs.create.ItemApplicationRecipeJS"
                    },
                    "params": [
                        {
                            "type": "property:param",
                            "name": "outputs",
                            "paramType": {
                                "type": "type:parameterized",
                                "base": {
                                    "type": "type:class",
                                    "name": "com.prunoideae.probejs.types.ArrayOrSelf"
                                },
                                "params": [
                                    {
                                        "type": "type:class",
                                        "name": "net.minecraft.world.item.ItemStack"
                                    }
                                ]
                            }
                        },
                        {
                            "type": "property:param",
                            "name": "inputs",
                            "paramType": {
                                "type": "type:parameterized",
                                "base": {
                                    "type": "type:class",
                                    "name": "com.prunoideae.probejs.types.ArrayOrSelf"
                                },
                                "params": [
                                    {
                                        "type": "type:class",
                                        "name": "net.minecraft.world.item.crafting.Ingredient"
                                    }
                                ]
                            }
                        }
                    ]
                },
                {
                    "type": "document:method",
                    "name": "sandpaper_polishing",
                    "returns": {
                        "type": "type:class",
                        "name": "dev.latvian.mods.kubejs.create.ProcessingRecipeJS"
                    },
                    "params": [
                        {
                            "type": "property:param",
                            "name": "outputs",
                            "paramType": {
                                "type": "type:parameterized",
                                "base": {
                                    "type": "type:class",
                                    "name": "com.prunoideae.probejs.types.ArrayOrSelf"
                                },
                                "params": [
                                    {
                                        "type": "type:class",
                                        "name": "net.minecraft.world.item.ItemStack"
                                    }
                                ]
                            }
                        },
                        {
                            "type": "property:param",
                            "name": "input",
                            "paramType": {
                                "type": "type:class",
                                "name": "net.minecraft.world.item.crafting.Ingredient"
                            }
                        }
                    ]
                },
                {
                    "type": "document:method",
                    "name": "item_application",
                    "returns": {
                        "type": "type:class",
                        "name": "dev.latvian.mods.kubejs.create.ItemApplicationRecipeJS"
                    },
                    "params": [
                        {
                            "type": "property:param",
                            "name": "outputs",
                            "paramType": {
                                "type": "type:parameterized",
                                "base": {
                                    "type": "type:class",
                                    "name": "com.prunoideae.probejs.types.ArrayOrSelf"
                                },
                                "params": [
                                    {
                                        "type": "type:class",
                                        "name": "net.minecraft.world.item.ItemStack"
                                    }
                                ]
                            }
                        },
                        {
                            "type": "property:param",
                            "name": "inputs",
                            "paramType": {
                                "type": "type:parameterized",
                                "base": {
                                    "type": "type:class",
                                    "name": "com.prunoideae.probejs.types.ArrayOrSelf"
                                },
                                "params": [
                                    {
                                        "type": "type:class",
                                        "name": "net.minecraft.world.item.crafting.Ingredient"
                                    }
                                ]
                            }
                        }
                    ]
                },
                {
                    "type": "document:method",
                    "name": "filling",
                    "returns": {
                        "type": "type:class",
                        "name": "dev.latvian.mods.kubejs.create.ProcessingRecipeJS"
                    },
                    "params": [
                        {
                            "type": "property:param",
                            "name": "outputs",
                            "paramType": {
                                "type": "type:parameterized",
                                "base": {
                                    "type": "type:class",
                                    "name": "com.prunoideae.probejs.types.ArrayOrSelf"
                                },
                                "params": [
                                    {
                                        "type": "type:class",
                                        "name": "net.minecraft.world.item.ItemStack"
                                    }
                                ]
                            }
                        },
                        {
                            "type": "property:param",
                            "name": "input",
                            "paramType": {
                                "type": "type:parameterized",
                                "base": {
                                    "type": "type:class",
                                    "name": "com.prunoideae.probejs.types.Of2"
                                },
                                "params": [
                                    {
                                        "type": "type:class",
                                        "name": "net.minecraft.world.item.crafting.Ingredient"
                                    },
                                    {
                                        "type": "type:class",
                                        "name": "dev.latvian.mods.kubejs.fluid.FluidStackJS"
                                    }
                                ]
                            }
                        }
                    ]
                },
                {
                    "type": "document:method",
                    "name": "emptying",
                    "returns": {
                        "type": "type:class",
                        "name": "dev.latvian.mods.kubejs.create.ProcessingRecipeJS"
                    },
                    "params": [
                        {
                            "type": "property:param",
                            "name": "outputs",
                            "paramType": {
                                "type": "type:parameterized",
                                "base": {
                                    "type": "type:class",
                                    "name": "com.prunoideae.probejs.types.Of2"
                                },
                                "params": [
                                    {
                                        "type": "type:class",
                                        "name": "net.minecraft.world.item.ItemStack"
                                    },
                                    {
                                        "type": "type:class",
                                        "name": "dev.latvian.mods.kubejs.fluid.FluidStackJS"
                                    }
                                ]
                            }
                        },
                        {
                            "type": "property:param",
                            "name": "input",
                            "paramType": {
                                "type": "type:class",
                                "name": "net.minecraft.world.item.crafting.Ingredient"
                            }
                        }
                    ]
                },
                {
                    "type": "document:method",
                    "name": "sequenced_assembly",
                    "returns": {
                        "type": "type:class",
                        "name": "dev.latvian.mods.kubejs.create.SequencedAssemblyRecipeJS"
                    },
                    "params": [
                        {
                            "type": "property:param",
                            "name": "outputs",
                            "paramType": {
                                "type": "type:array",
                                "component": {
                                    "type": "type:class",
                                    "name": "net.minecraft.world.item.ItemStack"
                                }
                            }
                        },
                        {
                            "type": "property:param",
                            "name": "input",
                            "paramType": {
                                "type": "type:class",
                                "name": "net.minecraft.world.item.crafting.Ingredient"
                            }
                        },
                        {
                            "type": "property:param",
                            "name": "sequence",
                            "paramType": {
                                "type": "type:array",
                                "component": {
                                    "type": "type:class",
                                    "name": "dev.latvian.mods.kubejs.create.ProcessingRecipeJS"
                                }
                            }
                        }
                    ]
                },
                {
                    "type": "document:method",
                    "name": "mechanical_crafting",
                    "returns": {
                        "type": "type:class",
                        "name": "dev.latvian.mods.kubejs.create.ProcessingRecipeJS"
                    },
                    "params": [
                        {
                            "type": "property:param",
                            "name": "output",
                            "paramType": {
                                "type": "type:class",
                                "name": "net.minecraft.world.item.ItemStack"
                            }
                        },
                        {
                            "type": "property:param",
                            "name": "pattern",
                            "paramType": {
                                "type": "type:array",
                                "component": {
                                    "type": "type:primitive",
                                    "name": "string"
                                }
                            }
                        },
                        {
                            "type": "property:param",
                            "name": "items",
                            "paramType": {
                                "type": "type:object",
                                "members": [
                                    {
                                        "key": {
                                            "type": "type:primitive",
                                            "name": "string"
                                        },
                                        "value": {
                                            "type": "type:class",
                                            "name": "net.minecraft.world.item.crafting.Ingredient"
                                        }
                                    }
                                ]
                            }
                        }
                    ]
                }
            ],
            "className": "com.prunoideae.probejs.CreateRecipes"
        }
    ]
}