{
    "classes": [
        {
            "type": "document:class",
            "className": "com.prunoideae.probejs.DocumentedRecipes",
            "fields": [
                {
                    "final": true,
                    "type": "document:field",
                    "name": "minecraft",
                    "fieldType": {
                        "type": "type:class",
                        "name": "com.prunoideae.probejs.MinecraftRecipes"
                    }
                }
            ]
        },
        {
            "type": "document:class",
            "methods": [
                {
                    "type": "document:method",
                    "name": "smelting",
                    "params": [
                        {
                            "type": "property:param",
                            "name": "output",
                            "paramType": {
                                "type": "type:class",
                                "name": "net.minecraft.world.item.ItemStack"
                            }
                        },
                        {
                            "type": "property:param",
                            "name": "input",
                            "paramType": {
                                "type": "type:class",
                                "name": "net.minecraft.world.item.crafting.Ingredient"
                            }
                        }
                    ],
                    "returns": {
                        "type": "type:class",
                        "name": "dev.latvian.mods.kubejs.recipe.minecraft.CookingRecipeJS"
                    }
                },
                {
                    "type": "document:method",
                    "name": "smoking",
                    "params": [
                        {
                            "type": "property:param",
                            "name": "output",
                            "paramType": {
                                "type": "type:class",
                                "name": "net.minecraft.world.item.ItemStack"
                            }
                        },
                        {
                            "type": "property:param",
                            "name": "input",
                            "paramType": {
                                "type": "type:class",
                                "name": "net.minecraft.world.item.crafting.Ingredient"
                            }
                        }
                    ],
                    "returns": {
                        "type": "type:class",
                        "name": "dev.latvian.mods.kubejs.recipe.minecraft.CookingRecipeJS"
                    }
                },
                {
                    "type": "document:method",
                    "name": "blasting",
                    "params": [
                        {
                            "type": "property:param",
                            "name": "output",
                            "paramType": {
                                "type": "type:class",
                                "name": "net.minecraft.world.item.ItemStack"
                            }
                        },
                        {
                            "type": "property:param",
                            "name": "input",
                            "paramType": {
                                "type": "type:class",
                                "name": "net.minecraft.world.item.crafting.Ingredient"
                            }
                        }
                    ],
                    "returns": {
                        "type": "type:class",
                        "name": "dev.latvian.mods.kubejs.recipe.minecraft.CookingRecipeJS"
                    }
                },
                {
                    "type": "document:method",
                    "name": "campfire_cooking",
                    "params": [
                        {
                            "type": "property:param",
                            "name": "output",
                            "paramType": {
                                "type": "type:class",
                                "name": "net.minecraft.world.item.ItemStack"
                            }
                        },
                        {
                            "type": "property:param",
                            "name": "input",
                            "paramType": {
                                "type": "type:class",
                                "name": "net.minecraft.world.item.crafting.Ingredient"
                            }
                        }
                    ],
                    "returns": {
                        "type": "type:class",
                        "name": "dev.latvian.mods.kubejs.recipe.minecraft.CookingRecipeJS"
                    }
                },
                {
                    "type": "document:method",
                    "name": "crafting_shaped",
                    "returns": {
                        "type": "type:class",
                        "name": "dev.latvian.mods.kubejs.recipe.minecraft.ShapedRecipeJS"
                    },
                    "params": [
                        {
                            "type": "property:param",
                            "name": "output",
                            "paramType": {
                                "type": "type:class",
                                "name": "net.minecraft.world.item.ItemStack"
                            }
                        },
                        {
                            "type": "property:param",
                            "name": "inputs",
                            "paramType": {
                                "type": "type:array",
                                "component": {
                                    "type": "type:array",
                                    "component": {
                                        "type": "type:class",
                                        "name": "net.minecraft.world.item.crafting.Ingredient"
                                    }
                                }
                            }
                        }
                    ]
                },
                {
                    "type": "document:method",
                    "name": "crafting_shaped",
                    "returns": {
                        "type": "type:class",
                        "name": "dev.latvian.mods.kubejs.recipe.minecraft.ShapedRecipeJS"
                    },
                    "params": [
                        {
                            "type": "property:param",
                            "name": "output",
                            "paramType": {
                                "type": "type:class",
                                "name": "net.minecraft.world.item.ItemStack"
                            }
                        },
                        {
                            "type": "property:param",
                            "name": "pattern",
                            "paramType": {
                                "type": "type:array",
                                "component": {
                                    "type": "type:primitive",
                                    "name": "string"
                                }
                            }
                        },
                        {
                            "type": "property:param",
                            "name": "items",
                            "paramType": {
                                "type": "type:object",
                                "members": [
                                    {
                                        "key": {
                                            "type": "type:primitive",
                                            "name": "string"
                                        },
                                        "value": {
                                            "type": "type:class",
                                            "name": "net.minecraft.world.item.crafting.Ingredient"
                                        }
                                    }
                                ]
                            }
                        }
                    ]
                },
                {
                    "type": "document:method",
                    "name": "crafting_shapeless",
                    "returns": {
                        "type": "type:class",
                        "name": "dev.latvian.mods.kubejs.recipe.minecraft.ShapelessRecipeJS"
                    },
                    "params": [
                        {
                            "type": "property:param",
                            "name": "output",
                            "paramType": {
                                "type": "type:class",
                                "name": "net.minecraft.world.item.ItemStack"
                            }
                        },
                        {
                            "type": "property:param",
                            "name": "inputs",
                            "paramType": {
                                "type": "type:array",
                                "component": {
                                    "type": "type:class",
                                    "name": "net.minecraft.world.item.crafting.Ingredient"
                                }
                            }
                        }
                    ]
                },
                {
                    "type": "document:method",
                    "name": "stonecutting",
                    "returns": {
                        "type": "type:class",
                        "name": "dev.latvian.mods.kubejs.recipe.minecraft.StonecuttingRecipeJS"
                    },
                    "params": [
                        {
                            "type": "property:param",
                            "name": "output",
                            "paramType": {
                                "type": "type:class",
                                "name": "net.minecraft.world.item.ItemStack"
                            }
                        },
                        {
                            "type": "property:param",
                            "name": "input",
                            "paramType": {
                                "type": "type:class",
                                "name": "net.minecraft.world.item.crafting.Ingredient"
                            }
                        }
                    ]
                },
                {
                    "type": "document:method",
                    "name": "smithing",
                    "returns": {
                        "type": "type:class",
                        "name": "dev.latvian.mods.kubejs.recipe.minecraft.SmithingRecipeJS"
                    },
                    "params": [
                        {
                            "type": "property:param",
                            "name": "output",
                            "paramType": {
                                "type": "type:class",
                                "name": "net.minecraft.world.item.ItemStack"
                            }
                        },
                        {
                            "type": "property:param",
                            "name": "base",
                            "paramType": {
                                "type": "type:class",
                                "name": "net.minecraft.world.item.crafting.Ingredient"
                            }
                        },
                        {
                            "type": "property:param",
                            "name": "addition",
                            "paramType": {
                                "type": "type:class",
                                "name": "net.minecraft.world.item.crafting.Ingredient"
                            }
                        }
                    ]
                }
            ],
            "className": "com.prunoideae.probejs.MinecraftRecipes"
        }
    ]
}