{
    "properties": [
        {
            "type": "property:mod",
            "mod": "dankstorage"
        }
    ],
    "classes": [
        {
            "type": "document:class",
            "className": "com.prunoideae.probejs.DocumentedRecipes",
            "fields": [
                {
                    "final": true,
                    "type": "document:field",
                    "name": "dankstorage",
                    "fieldType": {
                        "type": "type:class",
                        "name": "com.prunoideae.probejs.DankStorageRecipes"
                    }
                }
            ]
        },
        {
            "type": "document:class",
            "methods": [
                {
                    "type": "document:method",
                    "name": "upgrade",
                    "params": [
                        {
                            "type": "property:param",
                            "name": "output",
                            "paramType": {
                                "type": "type:class",
                                "name": "net.minecraft.world.item.ItemStack"
                            }
                        },
                        {
                            "type": "property:param",
                            "name": "pattern",
                            "paramType": {
                                "type": "type:array",
                                "component": {
                                    "type": "type:primitive",
                                    "name": "string"
                                }
                            }
                        },
                        {
                            "type": "property:param",
                            "name": "items",
                            "paramType": {
                                "type": "type:object",
                                "members": [
                                    {
                                        "key": {
                                            "type": "type:primitive",
                                            "name": "string"
                                        },
                                        "value": {
                                            "type": "type:class",
                                            "name": "net.minecraft.world.item.crafting.Ingredient"
                                        }
                                    }
                                ]
                            }
                        }
                    ],
                    "returns": {
                        "type": "type:class",
                        "name": "dev.latvian.mods.kubejs.recipe.minecraft.ShapedRecipeJS"
                    }
                }
            ],
            "className": "com.prunoideae.probejs.DankStorageRecipes"
        }
    ]
}