{
    "properties": [
        {
            "type": "property:mod",
            "mod": "multiblocked"
        }
    ],
    "classes": [
        {
            "type": "document:class",
            "className": "com.prunoideae.probejs.DocumentedRecipes",
            "fields": [
                {
                    "final": true,
                    "type": "document:field",
                    "name": "multiblocked",
                    "fieldType": {
                        "type": "type:class",
                        "name": "com.prunoideae.probejs.MultiblockedRecipes"
                    }
                }
            ]
        },
        {
            "type": "document:class",
            "methods": [
                {
                    "type": "document:method",
                    "name": "multiblock",
                    "params": [
                        {
                            "type": "property:param",
                            "name": "recipeMap",
                            "paramType": {
                                "type": "type:primitive",
                                "name": "string"
                            }
                        }
                    ],
                    "returns": {
                        "type": "type:class",
                        "name": "com.lowdragmc.multiblocked.api.kubejs.MultiblockRecipeJS"
                    }
                }
            ],
            "className": "com.prunoideae.probejs.MultiblockedRecipes"
        }
    ]
}