{
    "active": {
        "botanicadds:flowers/apicaria": true,
        "botanicadds:dreamrock": true,
        "botanicadds:rune_tp": true,
        "botanicadds:elven_altar": true,
        "botanicadds:tesseract_attuner": true,
        "botania:dreamwood": true,
        "botanicadds:mana_stealer_sword": true,
        "botanicadds:gaia_plate": true,
        "botanicadds:rune_energy": true,
        "botanicadds:mana_lapis_1": true,
        "botanicadds:mana_lapis_block": true,
        "botanicadds:elvenwood_log": true,
        "botanicadds:gaiasteel_ingot": true,
        "botanicadds:elvenwood": true,
        "botanicadds:aura_ring_gaia": true,
        "botanicadds:dreaming_pool": true,
        "botanicadds:tesseract_attune": true,
        "botanicadds:terrasteel": true,
        "botanicadds:gaiasteel_pylon": true,
        "botanicadds:flowers/necroidus": true,
        "botanicadds:elven_brewery": true,
        "botanicadds:flowers/vibrantia": true,
        "botanicadds:recipe_tweaks/gaia_spreader": true,
        "botanicadds:overgrowth_seed": true,
        "botanicadds:elven_fluxfield": true,
        "botanicadds:flowers/tempestea": true,
        "botanicadds:mana_lapis": true,
        "botanicadds:elven_lapis_1": true,
        "botanicadds:elven_lapis_block": true,
        "botanicadds:mana_ring_gaia": true,
        "botanicadds:flowers/rainute": true,
        "botanicadds:elven_lapis": true,
        "botanicadds:mana_lapis_block_1": true,
        "botanicadds:sculk_sensor": true,
        "botanicadds:gaia_shard": true,
        "botanicadds:flowers/energizera": true,
        "botanicadds:terra_catalyst": true,
        "botanicadds:gaiasteel_ingot_from_nuggets": true,
        "botanicadds:flowers/glaciflora": true,
        "botanicadds:elven_lapis_block_1": true,
        "botanicadds:recipe_tweaks/mana_fluxfield": true,
        "botanicadds:mana_tesseract": true,
        "botanicadds:gaiasteel_block": true,
        "botanicadds:gaiasteel_ingots_from_block": true,
        "botanicadds:gaiasteel_nugget": true
    },
    "disabled": {}
}