{"de.keksuccino.fancymenu.events.RenderWidgetEvent$Post":"de.keksuccino.fancymenu.events.RenderWidgetEvent$Post","net.minecraftforge.registries.MissingMappingsEvent":"net.minecraftforge.registries.MissingMappingsEvent","net.minecraftforge.client.event.ClientChatReceivedEvent$System":"net.minecraftforge.client.event.ClientChatReceivedEvent$System","net.minecraftforge.client.event.ScreenEvent$MouseButtonPressed$Post":"net.minecraftforge.client.event.ScreenEvent$MouseButtonPressed$Post","net.minecraftforge.client.event.ContainerScreenEvent$Render$Background":"net.minecraftforge.client.event.ContainerScreenEvent$Render$Background","net.minecraftforge.event.entity.player.AdvancementEvent$AdvancementProgressEvent":"net.minecraftforge.event.entity.player.AdvancementEvent$AdvancementProgressEvent","net.minecraftforge.event.entity.player.PlayerEvent$LoadFromFile":"net.minecraftforge.event.entity.player.PlayerEvent$LoadFromFile","net.minecraftforge.client.event.RenderGuiEvent$Pre":"net.minecraftforge.client.event.RenderGuiEvent$Pre","de.keksuccino.fancymenu.events.RenderWidgetBackgroundEvent$Pre":"de.keksuccino.fancymenu.events.RenderWidgetBackgroundEvent$Pre","net.minecraftforge.client.event.RenderGuiEvent$Post":"net.minecraftforge.client.event.RenderGuiEvent$Post","net.minecraftforge.event.furnace.FurnaceFuelBurnTimeEvent":"net.minecraftforge.event.furnace.FurnaceFuelBurnTimeEvent","net.minecraftforge.client.event.ScreenEvent$Closing":"net.minecraftforge.client.event.ScreenEvent$Closing","net.minecraftforge.event.village.VillagerTradesEvent":"net.minecraftforge.event.village.VillagerTradesEvent","net.minecraftforge.event.entity.player.PlayerEvent$HarvestCheck":"net.minecraftforge.event.entity.player.PlayerEvent$HarvestCheck","net.minecraftforge.event.AddReloadListenerEvent":"net.minecraftforge.event.AddReloadListenerEvent","net.minecraftforge.event.entity.player.PlayerEvent$StopTracking":"net.minecraftforge.event.entity.player.PlayerEvent$StopTracking","net.minecraftforge.event.entity.EntityJoinLevelEvent":"net.minecraftforge.event.entity.EntityJoinLevelEvent","net.minecraftforge.client.event.ClientPlayerChangeGameTypeEvent":"net.minecraftforge.client.event.ClientPlayerChangeGameTypeEvent","net.minecraftforge.event.entity.living.LivingDamageEvent":"net.minecraftforge.event.entity.living.LivingDamageEvent","net.minecraftforge.client.event.InputEvent$MouseButton$Post":"net.minecraftforge.client.event.InputEvent$MouseButton$Post","net.minecraftforge.client.event.ScreenEvent$KeyPressed$Post":"net.minecraftforge.client.event.ScreenEvent$KeyPressed$Post","de.keksuccino.fancymenu.menu.button.ButtonCachedEvent":"de.keksuccino.fancymenu.menu.button.ButtonCachedEvent","net.minecraftforge.client.event.RenderHandEvent":"net.minecraftforge.client.event.RenderHandEvent","net.minecraftforge.event.RegisterCommandsEvent":"net.minecraftforge.event.RegisterCommandsEvent","net.minecraftforge.event.entity.player.PlayerEvent$PlayerChangeGameModeEvent":"net.minecraftforge.event.entity.player.PlayerEvent$PlayerChangeGameModeEvent","net.darkhax.gamestages.event.GameStageEvent$Removed":"net.darkhax.gamestages.event.GameStageEvent$Removed","net.minecraftforge.event.entity.player.EntityItemPickupEvent":"net.minecraftforge.event.entity.player.EntityItemPickupEvent","net.minecraftforge.event.PlayLevelSoundEvent$AtPosition":"net.minecraftforge.event.PlayLevelSoundEvent$AtPosition","net.minecraftforge.event.entity.living.LivingSpawnEvent$AllowDespawn":"net.minecraftforge.event.entity.living.LivingSpawnEvent$AllowDespawn","net.minecraftforge.event.entity.player.PlayerEvent$PlayerLoggedInEvent":"net.minecraftforge.event.entity.player.PlayerEvent$PlayerLoggedInEvent","net.minecraftforge.client.event.InputEvent$MouseScrollingEvent":"net.minecraftforge.client.event.InputEvent$MouseScrollingEvent","squeek.appleskin.api.event.HUDOverlayEvent$Exhaustion":"squeek.appleskin.api.event.HUDOverlayEvent$Exhaustion","net.minecraftforge.event.PlayLevelSoundEvent$AtEntity":"net.minecraftforge.event.PlayLevelSoundEvent$AtEntity","net.minecraftforge.client.event.RenderLivingEvent$Pre":"net.minecraftforge.client.event.RenderLivingEvent$Pre","com.simibubi.create.api.event.TileEntityBehaviourEvent":"com.simibubi.create.api.event.TileEntityBehaviourEvent","net.minecraftforge.event.server.ServerStartedEvent":"net.minecraftforge.event.server.ServerStartedEvent","net.minecraftforge.client.event.ViewportEvent$RenderFog":"net.minecraftforge.client.event.ViewportEvent$RenderFog","net.minecraftforge.event.TagsUpdatedEvent":"net.minecraftforge.event.TagsUpdatedEvent","net.minecraftforge.event.level.BlockEvent$NeighborNotifyEvent":"net.minecraftforge.event.level.BlockEvent$NeighborNotifyEvent","net.minecraftforge.event.entity.player.ItemTooltipEvent":"net.minecraftforge.event.entity.player.ItemTooltipEvent","net.minecraftforge.event.entity.living.LivingGetProjectileEvent":"net.minecraftforge.event.entity.living.LivingGetProjectileEvent","net.minecraftforge.event.level.BlockEvent$BreakEvent":"net.minecraftforge.event.level.BlockEvent$BreakEvent","net.minecraftforge.client.event.ViewportEvent$ComputeFogColor":"net.minecraftforge.client.event.ViewportEvent$ComputeFogColor","net.minecraftforge.client.event.ScreenEvent$MouseDragged$Pre":"net.minecraftforge.client.event.ScreenEvent$MouseDragged$Pre","net.minecraftforge.client.event.RegisterClientCommandsEvent":"net.minecraftforge.client.event.RegisterClientCommandsEvent","net.minecraftforge.event.entity.living.LivingEvent$LivingTickEvent":"net.minecraftforge.event.entity.living.LivingEvent$LivingTickEvent","squeek.appleskin.api.event.TooltipOverlayEvent$Render":"squeek.appleskin.api.event.TooltipOverlayEvent$Render","net.minecraftforge.event.DifficultyChangeEvent":"net.minecraftforge.event.DifficultyChangeEvent","net.minecraftforge.event.level.ChunkDataEvent$Save":"net.minecraftforge.event.level.ChunkDataEvent$Save","net.blay09.mods.balm.api.event.server.ServerReloadFinishedEvent":"net.blay09.mods.balm.api.event.server.ServerReloadFinishedEvent","net.minecraftforge.event.entity.player.PlayerInteractEvent$LeftClickBlock":"net.minecraftforge.event.entity.player.PlayerInteractEvent$LeftClickBlock","de.keksuccino.konkrete.events.ScreenKeyPressedEvent":"de.keksuccino.konkrete.events.ScreenKeyPressedEvent","net.minecraftforge.event.entity.EntityMobGriefingEvent":"net.minecraftforge.event.entity.EntityMobGriefingEvent","net.minecraftforge.registries.IdMappingEvent":"net.minecraftforge.registries.IdMappingEvent","net.minecraftforge.client.event.ScreenEvent$KeyPressed$Pre":"net.minecraftforge.client.event.ScreenEvent$KeyPressed$Pre","net.minecraftforge.event.entity.item.ItemTossEvent":"net.minecraftforge.event.entity.item.ItemTossEvent","net.minecraftforge.event.level.ChunkTicketLevelUpdatedEvent":"net.minecraftforge.event.level.ChunkTicketLevelUpdatedEvent","net.minecraftforge.client.event.ComputeFovModifierEvent":"net.minecraftforge.client.event.ComputeFovModifierEvent","net.minecraftforge.client.event.InputEvent$Key":"net.minecraftforge.client.event.InputEvent$Key","de.keksuccino.fancymenu.events.RenderWidgetBackgroundEvent$Post":"de.keksuccino.fancymenu.events.RenderWidgetBackgroundEvent$Post","net.minecraftforge.client.event.CustomizeGuiOverlayEvent$DebugText":"net.minecraftforge.client.event.CustomizeGuiOverlayEvent$DebugText","net.minecraftforge.client.event.ScreenEvent$MouseButtonReleased$Post":"net.minecraftforge.client.event.ScreenEvent$MouseButtonReleased$Post","net.minecraftforge.event.OnDatapackSyncEvent":"net.minecraftforge.event.OnDatapackSyncEvent","net.minecraftforge.event.entity.player.PlayerDestroyItemEvent":"net.minecraftforge.event.entity.player.PlayerDestroyItemEvent","de.keksuccino.konkrete.events.ScreenKeyReleasedEvent":"de.keksuccino.konkrete.events.ScreenKeyReleasedEvent","net.minecraftforge.event.server.ServerAboutToStartEvent":"net.minecraftforge.event.server.ServerAboutToStartEvent","de.keksuccino.fancymenu.events.PlayWidgetClickSoundEvent$Pre":"de.keksuccino.fancymenu.events.PlayWidgetClickSoundEvent$Pre","net.darkhax.gamestages.event.StagesSyncedEvent":"net.darkhax.gamestages.event.StagesSyncedEvent","net.minecraftforge.event.level.BlockEvent$EntityPlaceEvent":"net.minecraftforge.event.level.BlockEvent$EntityPlaceEvent","net.minecraftforge.client.event.RenderGuiOverlayEvent$Pre":"net.minecraftforge.client.event.RenderGuiOverlayEvent$Pre","net.minecraftforge.client.event.ScreenEvent$Opening":"net.minecraftforge.client.event.ScreenEvent$Opening","net.minecraftforge.client.event.InputEvent$MouseButton$Pre":"net.minecraftforge.client.event.InputEvent$MouseButton$Pre","net.minecraftforge.client.event.RenderGuiOverlayEvent$Post":"net.minecraftforge.client.event.RenderGuiOverlayEvent$Post","net.minecraftforge.event.entity.EntityEvent$EntityConstructing":"net.minecraftforge.event.entity.EntityEvent$EntityConstructing","net.minecraftforge.client.event.ScreenEvent$Init$Post":"net.minecraftforge.client.event.ScreenEvent$Init$Post","de.keksuccino.konkrete.events.ScreenMouseClickedEvent":"de.keksuccino.konkrete.events.ScreenMouseClickedEvent","net.blay09.mods.balm.api.event.server.ServerReloadedEvent":"net.blay09.mods.balm.api.event.server.ServerReloadedEvent","net.minecraftforge.client.event.RenderArmEvent":"net.minecraftforge.client.event.RenderArmEvent","net.minecraftforge.client.event.RenderLevelLastEvent":"net.minecraftforge.client.event.RenderLevelLastEvent","net.minecraftforge.client.event.CustomizeGuiOverlayEvent$Chat":"net.minecraftforge.client.event.CustomizeGuiOverlayEvent$Chat","net.minecraftforge.event.village.WandererTradesEvent":"net.minecraftforge.event.village.WandererTradesEvent","net.minecraftforge.event.level.ChunkEvent$Load":"net.minecraftforge.event.level.ChunkEvent$Load","de.keksuccino.fancymenu.events.PlayWidgetClickSoundEvent$Post":"de.keksuccino.fancymenu.events.PlayWidgetClickSoundEvent$Post","net.minecraftforge.event.entity.EntityEvent$Size":"net.minecraftforge.event.entity.EntityEvent$Size","net.minecraftforge.event.TickEvent$RenderTickEvent":"net.minecraftforge.event.TickEvent$RenderTickEvent","net.darkhax.gamestages.event.GameStageEvent$Add":"net.darkhax.gamestages.event.GameStageEvent$Add","net.minecraftforge.event.entity.player.PlayerContainerEvent$Close":"net.minecraftforge.event.entity.player.PlayerContainerEvent$Close","squeek.appleskin.api.event.TooltipOverlayEvent$Pre":"squeek.appleskin.api.event.TooltipOverlayEvent$Pre","net.minecraftforge.client.event.RenderPlayerEvent$Post":"net.minecraftforge.client.event.RenderPlayerEvent$Post","net.minecraftforge.event.level.ChunkEvent$Unload":"net.minecraftforge.event.level.ChunkEvent$Unload","net.minecraftforge.client.event.RecipesUpdatedEvent":"net.minecraftforge.client.event.RecipesUpdatedEvent","net.minecraftforge.client.event.ScreenEvent$Init$Pre":"net.minecraftforge.client.event.ScreenEvent$Init$Pre","net.minecraftforge.event.entity.item.ItemExpireEvent":"net.minecraftforge.event.entity.item.ItemExpireEvent","net.minecraftforge.client.event.RenderNameTagEvent":"net.minecraftforge.client.event.RenderNameTagEvent","shadows.placebo.events.ItemUseEvent":"shadows.placebo.events.ItemUseEvent","net.minecraftforge.event.entity.player.AdvancementEvent$AdvancementEarnEvent":"net.minecraftforge.event.entity.player.AdvancementEvent$AdvancementEarnEvent","net.minecraftforge.client.event.MovementInputUpdateEvent":"net.minecraftforge.client.event.MovementInputUpdateEvent","net.minecraftforge.event.entity.player.PlayerInteractEvent$RightClickBlock":"net.minecraftforge.event.entity.player.PlayerInteractEvent$RightClickBlock","net.minecraftforge.event.entity.player.AdvancementEvent":"net.minecraftforge.event.entity.player.AdvancementEvent","net.minecraftforge.client.event.InputEvent$InteractionKeyMappingTriggered":"net.minecraftforge.client.event.InputEvent$InteractionKeyMappingTriggered","net.minecraftforge.event.level.LevelEvent$PotentialSpawns":"net.minecraftforge.event.level.LevelEvent$PotentialSpawns","com.jozufozu.flywheel.event.BeginFrameEvent":"com.jozufozu.flywheel.event.BeginFrameEvent","net.minecraftforge.event.entity.living.LivingAttackEvent":"net.minecraftforge.event.entity.living.LivingAttackEvent","net.minecraftforge.client.event.ScreenEvent$MouseDragged$Post":"net.minecraftforge.client.event.ScreenEvent$MouseDragged$Post","net.minecraftforge.event.entity.player.PlayerNegotiationEvent":"net.minecraftforge.event.entity.player.PlayerNegotiationEvent","net.minecraftforge.client.event.ClientPlayerNetworkEvent$LoggingIn":"net.minecraftforge.client.event.ClientPlayerNetworkEvent$LoggingIn","net.minecraftforge.client.event.RenderLevelStageEvent":"net.minecraftforge.client.event.RenderLevelStageEvent","net.minecraftforge.client.event.ScreenEvent$KeyReleased$Post":"net.minecraftforge.client.event.ScreenEvent$KeyReleased$Post","net.minecraftforge.server.permission.events.PermissionGatherEvent$Nodes":"net.minecraftforge.server.permission.events.PermissionGatherEvent$Nodes","com.jozufozu.flywheel.event.RenderLayerEvent":"com.jozufozu.flywheel.event.RenderLayerEvent","net.minecraftforge.client.event.ScreenEvent$Render$Pre":"net.minecraftforge.client.event.ScreenEvent$Render$Pre","net.minecraftforge.event.TickEvent$PlayerTickEvent":"net.minecraftforge.event.TickEvent$PlayerTickEvent","net.minecraftforge.server.permission.events.PermissionGatherEvent$Handler":"net.minecraftforge.server.permission.events.PermissionGatherEvent$Handler","net.minecraftforge.event.entity.player.PlayerEvent$TabListNameFormat":"net.minecraftforge.event.entity.player.PlayerEvent$TabListNameFormat","net.minecraftforge.event.entity.living.ZombieEvent$SummonAidEvent":"net.minecraftforge.event.entity.living.ZombieEvent$SummonAidEvent","net.minecraftforge.client.event.ScreenEvent$CharacterTyped$Post":"net.minecraftforge.client.event.ScreenEvent$CharacterTyped$Post","net.minecraftforge.event.entity.living.LivingEvent$LivingJumpEvent":"net.minecraftforge.event.entity.living.LivingEvent$LivingJumpEvent","net.minecraftforge.client.event.ContainerScreenEvent$Render$Foreground":"net.minecraftforge.client.event.ContainerScreenEvent$Render$Foreground","net.minecraftforge.event.entity.player.PlayerFlyableFallEvent":"net.minecraftforge.event.entity.player.PlayerFlyableFallEvent","de.keksuccino.fancymenu.events.RenderGuiListBackgroundEvent$Pre":"de.keksuccino.fancymenu.events.RenderGuiListBackgroundEvent$Pre","dev.ftb.mods.ftblibrary.sidebar.SidebarButtonCreatedEvent":"dev.ftb.mods.ftblibrary.sidebar.SidebarButtonCreatedEvent","net.minecraftforge.event.entity.player.PlayerEvent$StartTracking":"net.minecraftforge.event.entity.player.PlayerEvent$StartTracking","net.darkhax.gamestages.event.GameStageEvent$Remove":"net.darkhax.gamestages.event.GameStageEvent$Remove","squeek.appleskin.api.event.FoodValuesEvent":"squeek.appleskin.api.event.FoodValuesEvent","net.minecraftforge.client.event.ScreenEvent$MouseButtonReleased$Pre":"net.minecraftforge.client.event.ScreenEvent$MouseButtonReleased$Pre","net.minecraftforge.event.entity.player.PlayerEvent$ItemPickupEvent":"net.minecraftforge.event.entity.player.PlayerEvent$ItemPickupEvent","net.minecraftforge.event.LootTableLoadEvent":"net.minecraftforge.event.LootTableLoadEvent","net.minecraftforge.event.entity.player.PlayerEvent$NameFormat":"net.minecraftforge.event.entity.player.PlayerEvent$NameFormat","shadows.apotheosis.Apotheosis$ApotheosisCommandEvent":"shadows.apotheosis.Apotheosis$ApotheosisCommandEvent","net.minecraftforge.event.level.LevelEvent$Save":"net.minecraftforge.event.level.LevelEvent$Save","de.keksuccino.fmaudio.events.PreScreenInitEvent":"de.keksuccino.fmaudio.events.PreScreenInitEvent","net.minecraftforge.event.level.LevelEvent$Load":"net.minecraftforge.event.level.LevelEvent$Load","squeek.appleskin.api.event.HUDOverlayEvent$Saturation":"squeek.appleskin.api.event.HUDOverlayEvent$Saturation","shadows.apotheosis.Apotheosis$ApotheosisReloadEvent":"shadows.apotheosis.Apotheosis$ApotheosisReloadEvent","de.keksuccino.fancymenu.events.RenderGuiListBackgroundEvent$Post":"de.keksuccino.fancymenu.events.RenderGuiListBackgroundEvent$Post","net.minecraftforge.client.event.ScreenEvent$BackgroundRendered":"net.minecraftforge.client.event.ScreenEvent$BackgroundRendered","net.minecraftforge.client.event.ScreenEvent$KeyReleased$Pre":"net.minecraftforge.client.event.ScreenEvent$KeyReleased$Pre","de.keksuccino.fancymenu.events.RenderWidgetEvent$Pre":"de.keksuccino.fancymenu.events.RenderWidgetEvent$Pre","net.minecraftforge.event.entity.living.LivingEquipmentChangeEvent":"net.minecraftforge.event.entity.living.LivingEquipmentChangeEvent","net.minecraftforge.event.TickEvent$ClientTickEvent":"net.minecraftforge.event.TickEvent$ClientTickEvent","net.minecraftforge.event.level.ChunkWatchEvent$Watch":"net.minecraftforge.event.level.ChunkWatchEvent$Watch","de.keksuccino.fancymenu.events.GuiInitCompletedEvent":"de.keksuccino.fancymenu.events.GuiInitCompletedEvent","com.jozufozu.flywheel.event.ReloadRenderersEvent":"com.jozufozu.flywheel.event.ReloadRenderersEvent","net.minecraftforge.client.event.sound.PlaySoundEvent":"net.minecraftforge.client.event.sound.PlaySoundEvent","net.minecraftforge.event.server.ServerStartingEvent":"net.minecraftforge.event.server.ServerStartingEvent","net.minecraftforge.client.event.RenderTooltipEvent$Pre":"net.minecraftforge.client.event.RenderTooltipEvent$Pre","net.minecraftforge.event.level.ChunkDataEvent$Load":"net.minecraftforge.event.level.ChunkDataEvent$Load","de.keksuccino.fancymenu.events.RenderWidgetLabelEvent$Post":"de.keksuccino.fancymenu.events.RenderWidgetLabelEvent$Post","net.minecraftforge.event.VanillaGameEvent":"net.minecraftforge.event.VanillaGameEvent","net.minecraftforge.event.ItemStackedOnOtherEvent":"net.minecraftforge.event.ItemStackedOnOtherEvent","de.keksuccino.fancymenu.events.RenderWidgetLabelEvent$Pre":"de.keksuccino.fancymenu.events.RenderWidgetLabelEvent$Pre","net.minecraftforge.event.level.ChunkWatchEvent$UnWatch":"net.minecraftforge.event.level.ChunkWatchEvent$UnWatch","net.minecraftforge.event.CommandEvent":"net.minecraftforge.event.CommandEvent","net.minecraftforge.client.event.ClientPlayerNetworkEvent$LoggingOut":"net.minecraftforge.client.event.ClientPlayerNetworkEvent$LoggingOut","org.moddingx.libx.event.ClickBlockEmptyHandEvent":"org.moddingx.libx.event.ClickBlockEmptyHandEvent","com.daderpduck.seamless_loading_screen.events.PreUnloadWorldEvent":"com.daderpduck.seamless_loading_screen.events.PreUnloadWorldEvent","net.minecraftforge.client.event.RenderLivingEvent$Post":"net.minecraftforge.client.event.RenderLivingEvent$Post","net.minecraftforge.client.event.RenderTooltipEvent$Color":"net.minecraftforge.client.event.RenderTooltipEvent$Color","net.minecraftforge.event.TickEvent$ServerTickEvent":"net.minecraftforge.event.TickEvent$ServerTickEvent","de.keksuccino.konkrete.events.ScreenTickEvent":"de.keksuccino.konkrete.events.ScreenTickEvent","net.darkhax.gamestages.event.GameStageEvent$Added":"net.darkhax.gamestages.event.GameStageEvent$Added","net.minecraftforge.client.event.RenderPlayerEvent$Pre":"net.minecraftforge.client.event.RenderPlayerEvent$Pre","net.minecraftforge.event.TickEvent$LevelTickEvent":"net.minecraftforge.event.TickEvent$LevelTickEvent","net.minecraftforge.event.entity.player.PlayerEvent$BreakSpeed":"net.minecraftforge.event.entity.player.PlayerEvent$BreakSpeed","net.minecraftforge.client.event.ScreenEvent$Render$Post":"net.minecraftforge.client.event.ScreenEvent$Render$Post","top.theillusivec4.curios.api.event.CurioChangeEvent":"top.theillusivec4.curios.api.event.CurioChangeEvent","net.minecraftforge.client.event.ScreenEvent$MouseButtonPressed$Pre":"net.minecraftforge.client.event.ScreenEvent$MouseButtonPressed$Pre","net.minecraftforge.client.event.ScreenEvent$CharacterTyped$Pre":"net.minecraftforge.client.event.ScreenEvent$CharacterTyped$Pre","net.minecraftforge.event.entity.EntityEvent$EnteringSection":"net.minecraftforge.event.entity.EntityEvent$EnteringSection","net.minecraftforge.event.entity.EntityLeaveLevelEvent":"net.minecraftforge.event.entity.EntityLeaveLevelEvent","net.minecraftforge.event.AttachCapabilitiesEvent":"net.minecraftforge.event.AttachCapabilitiesEvent","net.minecraftforge.event.ItemAttributeModifierEvent":"net.minecraftforge.event.ItemAttributeModifierEvent","net.minecraftforge.client.event.RenderTooltipEvent$GatherComponents":"net.minecraftforge.client.event.RenderTooltipEvent$GatherComponents","net.minecraftforge.event.entity.living.LivingHurtEvent":"net.minecraftforge.event.entity.living.LivingHurtEvent","net.minecraftforge.client.event.sound.PlaySoundSourceEvent":"net.minecraftforge.client.event.sound.PlaySoundSourceEvent","net.minecraftforge.client.event.RenderHighlightEvent$Block":"net.minecraftforge.client.event.RenderHighlightEvent$Block","net.minecraftforge.event.entity.player.PlayerEvent$SaveToFile":"net.minecraftforge.event.entity.player.PlayerEvent$SaveToFile","net.minecraftforge.client.event.ViewportEvent$ComputeCameraAngles":"net.minecraftforge.client.event.ViewportEvent$ComputeCameraAngles","com.daderpduck.seamless_loading_screen.events.UpdatePlayerLookEvent":"com.daderpduck.seamless_loading_screen.events.UpdatePlayerLookEvent","net.minecraftforge.event.entity.living.LivingFallEvent":"net.minecraftforge.event.entity.living.LivingFallEvent","shadows.placebo.events.GetEnchantmentLevelEvent":"shadows.placebo.events.GetEnchantmentLevelEvent","net.minecraftforge.event.entity.player.PlayerXpEvent$XpChange":"net.minecraftforge.event.entity.player.PlayerXpEvent$XpChange","com.daderpduck.seamless_loading_screen.events.PreLoadWorldEvent":"com.daderpduck.seamless_loading_screen.events.PreLoadWorldEvent","de.keksuccino.konkrete.events.ScreenCharTypedEvent":"de.keksuccino.konkrete.events.ScreenCharTypedEvent","net.minecraftforge.client.event.ScreenEvent$MouseScrolled$Pre":"net.minecraftforge.client.event.ScreenEvent$MouseScrolled$Pre","net.minecraftforge.client.event.ToastAddEvent":"net.minecraftforge.client.event.ToastAddEvent","net.minecraftforge.event.entity.living.MobEffectEvent$Remove":"net.minecraftforge.event.entity.living.MobEffectEvent$Remove","net.minecraftforge.client.event.ViewportEvent$ComputeFov":"net.minecraftforge.client.event.ViewportEvent$ComputeFov"}